Sample ID,Log ID,Timestamp (ms),Burst Idx,Suhu (°C),R Liquid (Ohm),EC Raw (mS/cm),EC25 (mS/cm),Submerged
S_DINGIN,31,4431193,1,"8,03","452,1","2,345","3,55",1
S_DINGIN,32,4432434,2,"8,03","451,9","2,347","3,554",1
S_DINGIN,33,4433749,3,"8,03","451,9","2,347","3,554",1
S_DINGIN,34,4435023,4,"8,03","451,8","2,349","3,556",1
S_DINGIN,35,4436223,5,"8,06","451,8","2,349","3,552",1
S_RUANG,36,4649174,1,"28,73",291,"4,93","4,588",1
S_RUANG,37,4650377,2,"28,66","291,3","4,921","4,585",1
S_RUANG,38,4651579,3,"28,73",291,"4,93","4,588",1
S_RUANG,39,4652784,4,"28,69","290,9","4,932","4,592",1
S_RUANG,40,4653988,5,"28,69","290,7","4,937","4,597",1
S_HANGAT,41,4774529,1,"31,92","287,9","5,008","4,399",1
S_HANGAT,42,4775736,2,"31,95","287,4","5,019","4,407",1
S_HANGAT,43,4776944,3,"31,95",287,"5,029","4,415",1
S_HANGAT,44,4778152,4,"31,92","287,5","5,017","4,408",1
S_HANGAT,45,4779362,5,"31,95","287,1","5,026","4,413",1
S_DINGIN,46,5706528,1,"8,29",500,"1,899","2,851",1
S_DINGIN,47,5707779,2,"8,26",501,"1,89","2,841",1
S_DINGIN,48,5708991,3,"8,29","500,9","1,89","2,839",1
S_DINGIN,49,5710273,4,"8,26","500,6","1,893","2,846",1
S_DINGIN,50,5711514,5,"8,23","500,6","1,893","2,849",1
S_RUANG,51,5786088,1,"29,67","322,2","4,227","3,866",1
S_RUANG,52,5787292,2,"29,67",322,"4,23","3,869",1
S_RUANG,53,5788498,3,"29,67","321,7","4,238","3,876",1
S_RUANG,54,5789704,4,"29,67","321,6","4,239","3,877",1
S_RUANG,55,5790912,5,"29,7","321,8","4,236","3,872",1
S_HANGAT,56,5913536,1,"33,03","296,2","4,802","4,138",1
S_HANGAT,57,5914745,2,"33,03","295,8","4,811","4,146",1
S_HANGAT,58,5915996,3,"33,03",296,"4,808","4,143",1
S_HANGAT,59,5917207,4,"33,03","295,7","4,813","4,147",1
S_HANGAT,60,5918418,5,"33,03","295,4","4,822","4,155",1
S_DINGIN,61,6616552,1,"7,26","492,4","1,963","3,043",1
S_DINGIN,62,6617768,2,"7,26","492,8","1,96","3,037",1
S_DINGIN,63,6618985,3,"7,26","492,9","1,959","3,037",1
S_DINGIN,64,6620202,4,"7,26","492,8","1,96","3,038",1
S_DINGIN,65,6621490,5,"7,26","492,4","1,963","3,043",1
S_RUANG,66,6701319,1,"29,97","316,5","4,344","3,951",1
S_RUANG,67,6702526,2,30,"316,3","4,348","3,953",1
S_RUANG,68,6703734,3,"30,04","316,2","4,351","3,953",1
S_RUANG,69,6704943,4,"30,04","316,2","4,351","3,952",1
S_RUANG,70,6706185,5,"30,04","316,1","4,354","3,955",1
S_HANGAT,76,6831024,1,"33,46","293,9","4,857","4,154",1
S_HANGAT,77,6832283,2,"33,46",294,"4,855","4,152",1
S_HANGAT,78,6833534,3,"33,5","293,3","4,872","4,164",1
S_HANGAT,79,6834791,4,"33,5","293,4","4,869","4,162",1
S_HANGAT,80,6836045,5,"33,46","292,9","4,882","4,175",1
S_DINGIN,81,7555219,1,"7,59","486,3","2,017","3,095",1
S_DINGIN,82,7556508,2,"7,56","486,2","2,018","3,099",1
S_DINGIN,83,7557762,3,"7,53","485,9","2,02","3,106",1
S_DINGIN,84,7559008,4,"7,49","486,5","2,015","3,101",1
S_DINGIN,85,7560258,5,"7,49","486,1","2,019","3,107",1
S_RUANG,86,7675189,1,"30,74","311,7","4,447","3,989",1
S_RUANG,87,7676476,2,"30,78","311,4","4,455","3,994",1
S_RUANG,88,7677704,3,"30,74","311,3","4,457","3,998",1
S_RUANG,89,7678939,4,"30,74","311,4","4,453","3,994",1
S_RUANG,90,7680169,5,"30,74","311,3","4,456","3,997",1
S_HANGAT,91,7821903,1,"33,53","310,9","4,465","3,814",1
S_HANGAT,92,7823135,2,"33,53","310,6","4,47","3,819",1
S_HANGAT,93,7824365,3,"33,56","310,4","4,477","3,822",1
S_HANGAT,94,7825565,4,"33,56","310,6","4,471","3,817",1
S_HANGAT,95,7826767,5,"33,53","310,2","4,48","3,827",1
S_DINGIN,96,8934952,1,"7,13","489,1","1,993","3,101",1
S_DINGIN,97,8936264,2,"7,03","489,6","1,988","3,103",1
S_DINGIN,98,8937524,3,"6,93","488,3","1,999","3,131",1
S_DINGIN,99,8938753,4,"6,89","488,8","1,995","3,128",1
S_DINGIN,100,8939982,5,"6,86","487,6","2,006","3,148",1
S_RUANG,101,9023071,1,"31,14","296,5","4,794","4,27",1
S_RUANG,102,9024300,2,"31,11","296,8","4,787","4,265",1
S_RUANG,103,9025532,3,"31,11","296,8","4,787","4,266",1
S_RUANG,104,9026759,4,"31,11","296,5","4,795","4,273",1
S_RUANG,105,9027998,5,"31,14","296,7","4,791","4,266",1
S_HANGAT,106,9155403,1,"34,94","279,3","5,234","4,366",1
S_HANGAT,107,9156634,2,"34,91","279,2","5,234","4,369",1
S_HANGAT,108,9157876,3,"34,94","279,4","5,231","4,364",1
S_HANGAT,109,9159113,4,"34,94","279,7","5,222","4,356",1
S_HANGAT,110,9160358,5,"34,97","279,1","5,238","4,367",1
S_DINGIN,111,9842475,1,"6,09","478,7","2,086","3,354",1
S_DINGIN,112,9843710,2,"6,06","478,7","2,086","3,359",1
S_DINGIN,113,9845015,3,"6,09","478,5","2,088","3,358",1
S_DINGIN,114,9846279,4,"6,06",479,"2,083","3,354",1
S_DINGIN,115,9847511,5,"6,06","478,2","2,091","3,366",1
S_RUANG,116,9934605,1,"31,45","288,4","4,993","4,423",1
S_RUANG,117,9935840,2,"31,48","288,5","4,992","4,42",1
S_RUANG,118,9937068,3,"31,45","288,6","4,989","4,42",1
S_RUANG,119,9938298,4,"31,48","288,2","4,999","4,425",1
S_RUANG,120,9939533,5,"31,51","288,5","4,992","4,416",1
S_HANGAT,121,10044749,1,"34,57",286,"5,055","4,243",1
S_HANGAT,122,10045987,2,"34,6","285,6","5,067","4,251",1
S_HANGAT,123,10047227,3,"34,57","285,7","5,064","4,25",1
S_HANGAT,124,10048471,4,"34,6","285,5","5,069","4,252",1
S_HANGAT,125,10049715,5,"34,6","285,6","5,066","4,25",1
S_DINGIN,126,10757289,1,"5,93","496,9","1,924","3,111",1
S_DINGIN,127,10758500,2,"5,89","496,9","1,924","3,115",1
S_DINGIN,128,10759711,3,"5,89","496,1","1,931","3,126",1
S_DINGIN,129,10760992,4,"5,86","496,8","1,926","3,12",1
S_DINGIN,130,10762230,5,"5,86","496,9","1,924","3,118",1
S_RUANG,131,10819874,1,"30,81","313,9","4,401","3,943",1
S_RUANG,132,10821111,2,"30,94","313,9","4,4","3,933",1
S_RUANG,133,10822348,3,"31,04",313,"4,419","3,943",1
S_RUANG,134,10823587,4,"31,14","312,5","4,43","3,945",1
S_RUANG,135,10824826,5,"31,21","311,9","4,443","3,952",1
S_HANGAT,136,10968504,1,"34,23","267,6","5,564","4,697",1
S_HANGAT,137,10969747,2,"34,23","268,5","5,536","4,673",1
S_HANGAT,138,10970956,3,"34,2","267,7","5,559","4,695",1
S_HANGAT,139,10972166,4,"34,23","267,7","5,559","4,693",1
S_HANGAT,140,10973376,5,"34,2",268,"5,551","4,689",1
S_DINGIN,146,11698362,1,"6,73","460,1","2,265","3,569",1
S_DINGIN,147,11699568,2,"6,73","460,3","2,262","3,565",1
S_DINGIN,148,11700811,3,"6,73","460,5","2,261","3,563",1
S_DINGIN,149,11702053,4,"6,73","459,3","2,272","3,581",1
S_DINGIN,150,11703295,5,"6,73","459,6","2,269","3,576",1
S_RUANG,151,11794438,1,"31,61","298,8","4,739","4,185",1
S_RUANG,152,11795648,2,"31,61","299,1","4,732","4,179",1
S_RUANG,153,11796859,3,"31,61","298,6","4,743","4,189",1
S_RUANG,154,11798071,4,"31,61","298,8","4,739","4,185",1
S_RUANG,155,11799321,5,"31,61","298,4","4,75","4,195",1
S_HANGAT,156,11937246,1,"33,8","318,2","4,31","3,665",1
S_HANGAT,157,11938507,2,"33,76","318,2","4,31","3,667",1
S_HANGAT,158,11939751,3,"33,76","318,2","4,309","3,666",1
S_HANGAT,159,11941004,4,"33,76","318,4","4,305","3,663",1
S_HANGAT,160,11942224,5,"33,76","317,9","4,316","3,672",1
S_DINGIN,161,12636288,1,"6,19",538,"1,6","2,565",1
S_DINGIN,162,12637567,2,"6,16","538,3","1,598","2,565",1
S_DINGIN,163,12638817,3,"6,16","537,7","1,603","2,572",1
S_DINGIN,164,12640067,4,"6,16","536,9","1,608","2,581",1
S_DINGIN,165,12641278,5,"6,09","537,9","1,601","2,574",1
S_RUANG,166,12714446,1,"31,48","287,3","5,022","4,446",1
S_HANGAT,171,12827528,1,"33,36","306,9","4,552","3,9",1
S_HANGAT,172,12828759,2,"33,36","306,8","4,555","3,903",1
S_HANGAT,173,12829996,3,"33,36","306,8","4,556","3,903",1
S_HANGAT,174,12831229,4,"33,36","306,3","4,568","3,913",1
S_HANGAT,175,12832464,5,"33,39","306,3","4,568","3,911",1
S_DINGIN,176,13540437,1,"6,29","513,3","1,789","2,858",1
S_DINGIN,177,13541743,2,"6,26","514,5","1,779","2,846",1
S_DINGIN,178,13543004,3,"6,26",514,"1,783","2,852",1
S_DINGIN,179,13544239,4,"6,19","514,8","1,777","2,849",1
S_DINGIN,180,13545466,5,"6,13","513,8","1,785","2,868",1
S_RUANG,186,13627223,1,"31,61","298,2","4,753","4,197",1
S_RUANG,187,13628459,2,"31,61","297,7","4,765","4,208",1
S_RUANG,188,13629701,3,"31,61","297,4","4,773","4,216",1
S_RUANG,189,13630945,4,"31,61","297,2","4,777","4,219",1
S_RUANG,190,13632186,5,"31,68","296,9","4,785","4,221",1
S_HANGAT,191,13748377,1,"33,19","303,7","4,625","3,974",1
S_HANGAT,192,13749624,2,"33,19","303,1","4,64","3,987",1
S_HANGAT,193,13750941,3,"33,19","303,4","4,633","3,981",1
S_HANGAT,194,13752211,4,"33,19","303,1","4,639","3,986",1
S_HANGAT,195,13753453,5,"33,19","302,9","4,644","3,99",1
S_DINGIN,196,14524633,1,"4,39","533,3","1,634","2,78",1
S_DINGIN,197,14525867,2,"4,43","533,8","1,631","2,772",1
S_DINGIN,198,14527101,3,"4,43","534,2","1,628","2,767",1
S_DINGIN,199,14528341,4,"4,43",534,"1,63","2,769",1
S_DINGIN,200,14529580,5,"4,46",534,"1,63","2,766",1
S_RUANG,201,14641369,1,"31,55","285,6","5,066","4,479",1
S_RUANG,202,14642615,2,"31,55","285,3","5,074","4,486",1
S_RUANG,203,14643855,3,"31,58","285,8","5,061","4,472",1
S_RUANG,204,14645097,4,"31,55","285,3","5,075","4,487",1
S_RUANG,205,14646341,5,"31,55","285,6","5,066","4,479",1
S_HANGAT,206,14778328,1,"32,92","283,1","5,132","4,43",1
S_HANGAT,207,14779538,2,"32,89","282,8","5,14","4,44",1
S_HANGAT,208,14780748,3,"32,89",283,"5,133","4,434",1
S_HANGAT,209,14782030,4,"32,89","282,6","5,143","4,442",1
S_HANGAT,210,14783300,5,"32,89","282,8","5,139","4,438",1
S_DINGIN,211,15551811,1,"4,83",478,"2,093","3,508",1
S_DINGIN,212,15553047,2,"4,83","477,8","2,094","3,51",1
S_DINGIN,213,15554288,3,"4,79","477,7","2,096","3,517",1
S_DINGIN,214,15555526,4,"4,76","477,5","2,097","3,523",1
S_DINGIN,215,15556760,5,"4,76","477,3","2,099","3,526",1
S_RUANG,216,15653643,1,"31,35","292,9","4,882","4,332",1
S_RUANG,217,15654850,2,"31,35","293,9","4,857","4,31",1
S_RUANG,218,15656097,3,"31,35","293,8","4,86","4,312",1
S_RUANG,219,15657344,4,"31,38","293,4","4,869","4,318",1
S_RUANG,220,15658595,5,"31,38","292,1","4,901","4,347",1
S_HANGAT,221,15787415,1,"32,59","297,9","4,762","4,135",1
S_HANGAT,222,15788666,2,"32,62","297,9","4,762","4,132",1
S_HANGAT,223,15789919,3,"32,62","297,7","4,766","4,135",1
S_HANGAT,224,15791173,4,"32,59","297,5","4,771","4,142",1
S_HANGAT,225,15792491,5,"32,62","297,6","4,767","4,137",1
S_DINGIN,226,17224523,1,"3,79","486,9","2,012","3,494",1
S_DINGIN,227,17225772,2,"3,79","486,7","2,014","3,496",1
S_DINGIN,228,17227015,3,"3,79","486,8","2,012","3,494",1
S_DINGIN,229,17228261,4,"3,79","486,9","2,012","3,493",1
S_DINGIN,230,17229500,5,"3,79","487,5","2,007","3,485",1
S_RUANG,231,17332898,1,"31,45","260,5","5,779","5,119",1
S_RUANG,232,17334147,2,"31,45","260,9","5,766","5,108",1
S_RUANG,233,17335396,3,"31,41","260,3","5,784","5,127",1
S_RUANG,234,17336646,4,"31,45","260,4","5,782","5,122",1
S_RUANG,235,17337898,5,"31,45","260,1","5,789","5,128",1
S_DINGIN,236,18034813,1,"3,79","471,5","2,153","3,739",1
S_DINGIN,237,18036066,2,"3,76","472,6","2,143","3,726",1
S_DINGIN,238,18037321,3,"3,76","472,2","2,147","3,732",1
S_DINGIN,239,18038578,4,"3,73","471,9","2,149","3,741",1
S_DINGIN,240,18039834,5,"3,73","471,9","2,15","3,742",1
S_RUANG,241,18145290,1,"31,28","284,1","5,105","4,535",1
S_RUANG,242,18146578,2,"31,28","284,3","5,1","4,531",1
S_RUANG,243,18147827,3,"31,31",284,"5,109","4,536",1
S_RUANG,244,18149077,4,"31,28","284,1","5,105","4,536",1
S_RUANG,245,18150329,5,"31,31","283,7","5,116","4,543",1
S_DINGIN,256,18874712,1,"3,79","473,4","2,135","3,707",1
S_DINGIN,257,18875983,2,"3,76","473,4","2,135","3,712",1
S_DINGIN,258,18877207,3,"3,76","473,3","2,137","3,715",1
S_DINGIN,259,18878399,4,"3,73","472,4","2,144","3,732",1
S_DINGIN,260,18879592,5,"3,73","472,3","2,146","3,734",1
S_RUANG,261,18960196,1,"31,41","263,3","5,693","5,046",1
S_RUANG,262,18961423,2,"31,38","263,4","5,69","5,046",1
S_RUANG,263,18962660,3,"31,38","263,4","5,69","5,046",1
S_RUANG,264,18963899,4,"31,45","263,5","5,687","5,037",1
S_RUANG,265,18965131,5,"31,45","263,1","5,697","5,046",1
S_DINGIN,266,19686650,1,"3,59","472,2","2,146","3,753",1
S_DINGIN,267,19687893,2,"3,59","472,1","2,148","3,756",1
S_DINGIN,268,19689131,3,"3,56","472,4","2,145","3,754",1
S_DINGIN,269,19690373,4,"3,56",472,"2,149","3,762",1
S_DINGIN,270,19691621,5,"3,56","472,5","2,143","3,753",1
S_RUANG,271,19782143,1,"31,35",278,"5,268","4,675",1
S_RUANG,272,19783384,2,"31,31","278,3","5,26","4,67",1
S_RUANG,273,19784696,3,"31,35","278,2","5,263","4,67",1
S_RUANG,274,19785973,4,"31,35","278,1","5,267","4,673",1
S_RUANG,275,19787203,5,"31,38","277,7","5,276","4,679",1
S_DINGIN,276,20556050,1,"3,79",474,"2,129","3,698",1
S_DINGIN,277,20557288,2,"3,79",474,"2,129","3,698",1
S_DINGIN,278,20558524,3,"3,79","474,1","2,129","3,696",1
S_DINGIN,279,20559764,4,"3,79","473,8","2,131","3,701",1
S_DINGIN,280,20560998,5,"3,79","473,9","2,131","3,7",1
S_RUANG,281,20721185,1,"31,45","273,5","5,393","4,777",1
S_RUANG,282,20722389,2,"31,48","273,5","5,392","4,773",1
S_RUANG,283,20723595,3,"31,48","272,8","5,412","4,791",1
S_RUANG,284,20724800,4,"31,48","273,5","5,394","4,775",1
S_RUANG,285,20726008,5,"31,48","273,3","5,398","4,779",1
S_DINGIN,286,21634159,1,"4,79","462,2","2,243","3,765",1
S_DINGIN,287,21635402,2,"4,73","461,5","2,25","3,785",1
S_DINGIN,288,21636612,3,"4,73","461,9","2,247","3,779",1
S_DINGIN,289,21637892,4,"4,73","461,7","2,248","3,781",1
S_DINGIN,290,21639135,5,"4,69","462,2","2,243","3,778",1
S_RUANG,291,21727894,1,"31,35","263,1","5,698","5,056",1
S_RUANG,292,21729096,2,"31,35","262,6","5,713","5,07",1
S_RUANG,293,21730299,3,"31,35","262,8","5,708","5,065",1
S_RUANG,294,21731502,4,"31,38","262,7","5,71","5,064",1
S_RUANG,295,21732707,5,"31,38","262,3","5,723","5,075",1
S_DINGIN,296,22457397,1,"5,16",463,"2,236","3,707",1
S_DINGIN,297,22458603,2,"5,13","462,9","2,236","3,712",1
S_DINGIN,298,22459810,3,"5,16","462,6","2,24","3,713",1
S_DINGIN,299,22461019,4,"5,13","462,7","2,238","3,714",1
S_DINGIN,300,22462258,5,"5,09",463,"2,236","3,715",1
S_RUANG,301,22541972,1,"31,25","270,7","5,474","4,866",1
S_RUANG,302,22543183,2,"31,25",271,"5,465","4,858",1
S_RUANG,303,22544396,3,"31,28","270,9","5,466","4,856",1
S_RUANG,304,22545650,4,"31,28","271,1","5,461","4,852",1
S_RUANG,305,22546975,5,"31,28","270,3","5,484","4,872",1
S_DINGIN,306,23266778,1,"4,93","474,2","2,128","3,556",1
S_DINGIN,307,23268023,2,"4,89","475,4","2,117","3,54",1
S_DINGIN,308,23269265,3,"4,89","475,1","2,12","3,545",1
S_DINGIN,309,23270511,4,"4,89",475,"2,12","3,546",1
S_DINGIN,310,23271755,5,"4,89","474,9","2,121","3,547",1
S_RUANG,311,23357849,1,"31,21","290,9","4,932","4,387",1
S_RUANG,312,23359092,2,"31,25","290,8","4,934","4,386",1
S_RUANG,313,23360331,3,"31,25","290,8","4,935","4,387",1
S_RUANG,314,23361580,4,"31,25","290,9","4,931","4,384",1
S_RUANG,315,23362834,5,"31,21","290,4","4,943","4,397",1
S_DINGIN,316,24160440,1,"4,43",467,"2,197","3,732",1
S_DINGIN,317,24161692,2,"4,39","466,6","2,2","3,742",1
S_DINGIN,318,24162944,3,"4,36","466,9","2,197","3,742",1
S_DINGIN,319,24164198,4,"4,36","466,4","2,202","3,75",1
S_DINGIN,320,24165452,5,"4,36","466,8","2,199","3,745",1
S_RUANG,321,24240472,1,"31,08","262,2","5,725","5,104",1
S_RUANG,322,24241750,2,"31,08","262,3","5,722","5,102",1
S_RUANG,323,24242996,3,"31,08","261,3","5,754","5,131",1
S_RUANG,324,24244248,4,"31,08","262,2","5,724","5,104",1
S_RUANG,325,24245498,5,"31,08","261,3","5,752","5,129",1
S_DINGIN,326,25048360,1,"4,79",446,"2,409","4,044",1
S_DINGIN,327,25049610,2,"4,79","445,8","2,411","4,047",1
S_DINGIN,328,25050862,3,"4,79","445,7","2,412","4,048",1
S_DINGIN,329,25052120,4,"4,79","445,5","2,414","4,051",1
S_DINGIN,330,25053370,5,"4,79","445,2","2,418","4,058",1
S_RUANG,331,25138119,1,"31,25","257,4","5,874","5,222",1
S_RUANG,332,25139375,2,"31,21",258,"5,855","5,208",1
S_RUANG,333,25140624,3,"31,21","257,7","5,867","5,218",1
S_RUANG,334,25141879,4,"31,25","257,8","5,862","5,211",1
S_RUANG,335,25143143,5,"31,21","258,3","5,848","5,202",1
S_DINGIN,336,25911001,1,"5,69","443,2","2,439","3,973",1
S_DINGIN,337,25912293,2,"5,66","443,6","2,435","3,971",1
S_DINGIN,338,25913589,3,"5,66","443,4","2,437","3,974",1
S_DINGIN,339,25914818,4,"5,66","443,4","2,437","3,975",1
S_DINGIN,340,25916048,5,"5,63",443,"2,441","3,985",1
S_RUANG,341,25984185,1,"31,11","255,3","5,943","5,296",1
S_RUANG,342,25985378,2,"31,11","254,7","5,963","5,313",1
S_RUANG,343,25986573,3,"31,11","254,8","5,958","5,309",1
S_RUANG,344,25987768,4,"31,14","254,7","5,961","5,309",1
S_RUANG,345,25988965,5,"31,14","254,1","5,982","5,328",1
S_DINGIN,346,26828470,1,"5,86","431,2","2,572","4,167",1
S_DINGIN,347,26829669,2,"5,86","431,8","2,565","4,156",1
S_DINGIN,348,26830868,3,"5,83","431,6","2,567","4,164",1
S_DINGIN,349,26832069,4,"5,86","431,9","2,564","4,154",1
S_DINGIN,350,26833273,5,"5,86","431,7","2,566","4,158",1
S_RUANG,351,26949496,1,"31,28","259,5","5,809","5,161",1
S_RUANG,352,26950701,2,"31,28","259,4","5,813","5,164",1
S_RUANG,353,26951977,3,"31,25","259,7","5,804","5,16",1
S_RUANG,354,26953204,4,"31,28","259,6","5,807","5,159",1
S_RUANG,355,26954445,5,"31,25","259,5","5,81","5,165",1
S_DINGIN,356,27688765,1,"6,36","432,7","2,554","4,073",1
S_DINGIN,357,27690000,2,"6,36","432,4","2,558","4,079",1
S_DINGIN,358,27691233,3,"6,33","432,9","2,552","4,073",1
S_DINGIN,359,27692478,4,"6,33","432,7","2,554","4,077",1
S_DINGIN,360,27693712,5,"6,36","432,4","2,558","4,078",1
S_RUANG,361,27782631,1,"31,31","265,6","5,621","4,991",1
S_RUANG,362,27783870,2,"31,31","265,7","5,618","4,988",1
S_RUANG,363,27785117,3,"31,31","265,3","5,631",5,1
S_RUANG,364,27786355,4,"31,31","265,4","5,629","4,998",1
S_RUANG,365,27787604,5,"31,31","265,1","5,639","5,007",1
S_DINGIN,366,28589933,1,"6,43",427,"2,619","4,168",1
S_DINGIN,367,28591176,2,"6,43",427,"2,62","4,168",1
S_DINGIN,368,28592419,3,"6,46","427,2","2,617","4,159",1
S_DINGIN,369,28593740,4,"6,49","427,6","2,613","4,148",1
S_DINGIN,370,28595013,5,"6,49","427,5","2,614","4,151",1
S_RUANG,371,28698017,1,"31,25","253,3","6,008","5,341",1
S_RUANG,372,28699260,2,"31,21","253,6","5,998","5,335",1
S_RUANG,373,28700497,3,"31,25","253,4","6,004","5,338",1
S_RUANG,374,28701737,4,"31,21","253,3","6,01","5,346",1
S_RUANG,375,28702978,5,"31,21","253,2","6,01","5,346",1
S_DINGIN,376,29421447,1,"6,89","420,4","2,697","4,228",1
S_DINGIN,377,29422687,2,"6,93","420,8","2,693","4,218",1
S_DINGIN,378,29423931,3,"6,86","420,6","2,695","4,229",1
S_DINGIN,379,29425175,4,"6,86","420,5","2,697","4,232",1
S_DINGIN,380,29426423,5,"6,79","421,1","2,689","4,229",1
S_RUANG,381,29513207,1,"31,08","265,5","5,624","5,015",1
S_RUANG,382,29514455,2,"31,08","265,8","5,617","5,008",1
S_RUANG,383,29515703,3,"31,08","265,6","5,621","5,012",1
S_RUANG,384,29516958,4,"31,08",266,"5,61","5,002",1
S_RUANG,385,29518286,5,"31,08","266,3","5,603","4,995",1
S_DINGIN,386,30329725,1,"7,89","407,5","2,856","4,342",1
S_DINGIN,387,30330961,2,"7,89","407,3","2,859","4,346",1
S_DINGIN,388,30332205,3,"7,89","406,9","2,864","4,354",1
S_DINGIN,389,30333453,4,"7,93",407,"2,863","4,347",1
S_DINGIN,390,30334699,5,"7,93","407,3","2,859","4,342",1
S_RUANG,391,30482826,1,"31,04","259,4","5,813","5,186",1
S_RUANG,392,30484073,2,"31,04","259,2","5,818","5,19",1
S_RUANG,393,30485322,3,"31,04","259,5","5,811","5,184",1
S_RUANG,394,30486573,4,"31,04","259,5","5,811","5,184",1
S_RUANG,395,30487822,5,"31,04","259,3","5,814","5,187",1